{
	"abstol":1e-11,
	"beta":10,
	"delta":[0],
	"device":3,
	"epsilon":1,
	"epsilon_bottom":1,
	"epsilon_subs":0,
	"epsilon_top":1,
	"f2f_switch":true,
	"f2l_switch":true,
	"f2u_switch":true,
	"gamma":100,
	"init":[-1.40888e-10,-2.94241e-10,-4.53811e-10,-6.14445e-10,-7.70639e-10,-9.16724e-10,-1.04723e-09,-1.15714e-09,-1.24219e-09,-1.29908e-09,-1.32576e-09,-1.32149e-09,-1.28691e-09,-1.22399e-09,-1.13586e-09,-1.02664e-09,-9.01157e-10,-7.64666e-10,-6.22578e-10,-4.80166e-10,-3.42329e-10,-2.13375e-10,-9.68722e-11,4.46235e-12,8.88111e-11,1.55257e-10,2.03739e-10,2.34961e-10,2.50283e-10,2.51577e-10,2.41082e-10,2.21248e-10,1.94594e-10,1.63577e-10,1.30474e-10,9.73007e-11,6.57417e-11,3.71174e-11,1.23696e-11,-7.92798e-12,-2.35412e-11,-3.45326e-11,-4.12077e-11,-4.40569e-11,-4.36953e-11,-4.0805e-11,-3.60839e-11,-3.0201e-11,-2.3762e-11,-1.72846e-11,-1.1183e-11,-5.76252e-12,-1.22138e-12,2.34051e-12,4.90838e-12,6.53617e-12,7.32884e-12,7.42466e-12,6.97884e-12,6.14923e-12,5.08478e-12,3.91704e-12,2.75466e-12,1.68067e-12,7.52249e-13,2.37032e-15,-5.5706e-13,-9.31237e-13,-1.13807e-12,-1.20385e-12,-1.15922e-12,-1.03579e-12,-8.63421e-13,-6.68345e-13,-4.71944e-13,-2.90269e-13,-1.34071e-13,-9.2697e-15,8.23126e-14,1.42054e-13,1.73599e-13,1.81976e-13,1.72812e-13,1.51711e-13,1.23777e-13,9.33137e-14,6.36604e-14,3.71515e-14,1.5171e-14,-1.72901e-15,-1.36689e-14,-2.12634e-14,-2.54391e-14,-2.72572e-14,-2.77459e-14,-2.77417e-14,0.994288,1.99276,2.99166,3.99062,4.98958,5.98855,6.98752,7.98649,8.98545,9.98442,10.9834,11.9824,12.9813,13.9803,14.9793,15.9782,16.9772,17.9762,18.9751,19.9741,20.9731,21.972,22.971,23.97,24.9689,25.9679,26.9669,27.9658,28.9648,29.9638,30.9628,31.9617,32.9607,33.9597,34.9586,35.9576,36.9566,37.9555,38.9545,39.9535,40.9524,41.9514,42.9504,43.9493,44.9483,45.9473,46.9462,47.9452,48.9442,49.9431,50.9421,51.9411,52.9401,53.939,54.938,55.937,56.9359,57.9349,58.9339,59.9328,60.9318,61.9308,62.9297,63.9287,64.9277,65.9266,66.9256,67.9246,68.9235,69.9225,70.9215,71.9204,72.9194,73.9184,74.9173,75.9163,76.9153,77.9143,78.9132,79.9122,80.9112,81.9101,82.9091,83.9081,84.907,85.906,86.905,87.9039,88.9029,89.9019,90.9008,91.8998,92.8988,93.8978,94.8968,95.8963,-200,110],
	"lambda":6,
	"len":1,
	"m":1,
	"movtol":1e-08,
	"mu":10,
	"n":96,
	"osub":-100,
	"osub_count":200,
	"osub_h":1,
	"pressure":0,
	"range":[4,4,180],
	"range2":[2,2,22],
	"rcut":8,
	"reltol":1e-11,
	"rmax":12,
	"s2s_switch":false,
	"save":0,
	"sigma":1,
	"sub_count":400,
	"sub_h":1,
	"sub_x":-200,
	"sub_y":110,
	"old_type":2,
	"type":0
}
